Stops_per_s,Avg_Stop_Duration,Avg_Percent_Stop_Time,Max_speed,Avg_Speed,Max_Accel,Min_Accel,Avg_Accel
0.00547946706703306,11.0,0.06027413773736366,2.4638,1.2203158587537688,0.19173353999999998,-0.14538222999999995,0.0018050921876219986
0.0022636572098613966,7.0,0.015845600469029775,1.8069369,1.2889767340212073,0.25934476,-0.2675550999999998,0.0009894068059664676
0.0058997050147492625,17.5,0.10324483775811209,1.7605399,1.3967996354734409,0.16243694000000003,-0.77755293,-0.001727916516066614
,,,1.7792735,1.4331856789954853,0.24408267000000006,-0.23870108,0.0005334631309904152
0.007512287284890349,9.0,0.06761058556401314,4.0684767,1.3777269232554519,0.6650597999999999,-0.6958477999999999,-0.0033111529286497174
0.003118091478567798,5.0,0.01559045739283899,2.0197148,1.242083562085682,0.2456562,-0.20921525000000007,0.000446047207478411
